Company Name	Industry	Symbol
360 ONE WAM Ltd.	Financial Services	360ONE
3M India Ltd.	Diversified	3MINDIA
ABB India Ltd.	Capital Goods	ABB
ACC Ltd.	Construction Materials	ACC
ACME Solar Holdings Ltd.	Power	ACMESOLAR
AGI Greenpac Ltd.	Capital Goods	AGI
AIA Engineering Ltd.	Capital Goods	AIAENG
APL Apollo Tubes Ltd.	Capital Goods	APLAPOLLO
ASK Automotive Ltd.	Automobile and Auto Components	ASKAUTOLTD
AU Small Finance Bank Ltd.	Financial Services	AUBANK
AWL Agri Business Ltd.	Fast Moving Consumer Goods	AWL
Aadhar Housing Finance Ltd.	Financial Services	AADHARHFC
Aarti Drugs Ltd.	Healthcare	AARTIDRUGS
Aarti Industries Ltd.	Chemicals	AARTIIND
Aarti Pharmalabs Ltd.	Healthcare	AARTIPHARM
Aavas Financiers Ltd.	Financial Services	AAVAS
Abbott India Ltd.	Healthcare	ABBOTINDIA
Action Construction Equipment Ltd.	Capital Goods	ACE
Acutaas Chemicals Ltd.	Healthcare	ACUTAAS
Adani Energy Solutions Ltd.	Power	ADANIENSOL
Adani Enterprises Ltd.	Metals & Mining	ADANIENT
Adani Green Energy Ltd.	Power	ADANIGREEN
Adani Ports and Special Economic Zone Ltd.	Services	ADANIPORTS
Adani Power Ltd.	Power	ADANIPOWER
Adani Total Gas Ltd.	Oil Gas & Consumable Fuels	ATGL
Aditya Birla Capital Ltd.	Financial Services	ABCAPITAL
Aditya Birla Fashion and Retail Ltd.	Consumer Services	ABFRL
Aditya Birla Real Estate Ltd.	Forest Materials	ABREL
Aditya Birla Sun Life AMC Ltd.	Financial Services	ABSLAMC
Aditya Vision Ltd.	Consumer Services	AVL
Advanced Enzyme Tech Ltd.	Healthcare	ADVENZYMES
Aegis Logistics Ltd.	Oil Gas & Consumable Fuels	AEGISLOG
Aether Industries Ltd.	Chemicals	AETHER
Afcons Infrastructure Ltd.	Construction	AFCONS
Affle 3i Ltd.	Information Technology	AFFLE
Ahluwalia Contracts (India) Ltd.	Construction	AHLUCONT
Ajanta Pharmaceuticals Ltd.	Healthcare	AJANTPHARM
Akums Drugs and Pharmaceuticals Ltd.	Healthcare	AKUMS
Akzo Nobel India Ltd.	Consumer Durables	AKZOINDIA
Alembic Pharmaceuticals Ltd.	Healthcare	APLLTD
Alivus Life Sciences Ltd.	Healthcare	ALIVUS
Alkem Laboratories Ltd.	Healthcare	ALKEM
Alkyl Amines Chemicals Ltd.	Chemicals	ALKYLAMINE
Allcargo Logistics Ltd.	Services	ALLCARGO
Allied Blenders and Distillers Ltd.	Fast Moving Consumer Goods	ABDL
Alok Industries Ltd.	Textiles	ALOKINDS
Amara Raja Energy & Mobility Ltd.	Automobile and Auto Components	ARE&M
Amber Enterprises India Ltd.	Consumer Durables	AMBER
Ambuja Cements Ltd.	Construction Materials	AMBUJACEM
Anand Rathi Wealth Ltd.	Financial Services	ANANDRATHI
Anant Raj Ltd.	Realty	ANANTRAJ
Angel One Ltd.	Financial Services	ANGELONE
Apar Industries Ltd.	Capital Goods	APARINDS
Apeejay Surrendra Park Hotels Ltd.	Consumer Services	PARKHOTELS
Apollo Hospitals Enterprise Ltd.	Healthcare	APOLLOHOSP
Apollo Tyres Ltd.	Automobile and Auto Components	APOLLOTYRE
Aptus Value Housing Finance India Ltd.	Financial Services	APTUS
Archean Chemical Industries Ltd.	Chemicals	ACI
Arvind Fashions Ltd.	Consumer Services	ARVINDFASN
Arvind Ltd.	Textiles	ARVIND
Asahi India Glass Ltd.	Automobile and Auto Components	ASAHIINDIA
Ashok Leyland Ltd.	Capital Goods	ASHOKLEY
Ashoka Buildcon Ltd.	Construction	ASHOKA
Asian Paints Ltd.	Consumer Durables	ASIANPAINT
Aster DM Healthcare Ltd.	Healthcare	ASTERDM
Astra Microwave Products Ltd.	Capital Goods	ASTRAMICRO
AstraZenca Pharma India Ltd.	Healthcare	ASTRAZEN
Astral Ltd.	Capital Goods	ASTRAL
Atul Ltd.	Chemicals	ATUL
Aurionpro Solution Ltd.	Information Technology	AURIONPRO
Aurobindo Pharma Ltd.	Healthcare	AUROPHARMA
Authum Investment & Infrastructure Ltd.	Financial Services	AIIL
Avalon Technologies Ltd.	Capital Goods	AVALON
Avanti Feeds Ltd.	Fast Moving Consumer Goods	AVANTIFEED
Avenue Supermarts Ltd.	Consumer Services	DMART
Awfis Space Solutions Ltd.	Services	AWFIS
Axis Bank Ltd.	Financial Services	AXISBANK
Azad Engineering Ltd.	Capital Goods	AZAD
BASF India Ltd.	Chemicals	BASF
BEML Ltd.	Capital Goods	BEML
BLS International Services Ltd.	Consumer Services	BLS
BSE Ltd.	Financial Services	BSE
Bajaj Auto Ltd.	Automobile and Auto Components	BAJAJ-AUTO
Bajaj Finance Ltd.	Financial Services	BAJFINANCE
Bajaj Finserv Ltd.	Financial Services	BAJAJFINSV
Bajaj Hindusthan Sugar Ltd.	Fast Moving Consumer Goods	BAJAJHIND
Bajaj Holdings & Investment Ltd.	Financial Services	BAJAJHLDNG
Bajaj Housing Finance Ltd.	Financial Services	BAJAJHFL
Balaji Amines Ltd.	Chemicals	BALAMINES
Balkrishna Industries Ltd.	Automobile and Auto Components	BALKRISIND
Balrampur Chini Mills Ltd.	Fast Moving Consumer Goods	BALRAMCHIN
Balu Forge Industries Ltd.	Capital Goods	BALUFORGE
Banco Products (India) Ltd.	Automobile and Auto Components	BANCOINDIA
Bandhan Bank Ltd.	Financial Services	BANDHANBNK
Bank of Baroda	Financial Services	BANKBARODA
Bank of India	Financial Services	BANKINDIA
Bank of Maharashtra	Financial Services	MAHABANK
Bansal Wire Industries Ltd.	Capital Goods	BANSALWIRE
Bata India Ltd.	Consumer Durables	BATAINDIA
Bayer Cropscience Ltd.	Chemicals	BAYERCROP
Berger Paints India Ltd.	Consumer Durables	BERGEPAINT
Bhansali Engineering Polymers Ltd.	Chemicals	BEPL
Bharat Bijlee Ltd.	Capital Goods	BBL
Bharat Dynamics Ltd.	Capital Goods	BDL
Bharat Electronics Ltd.	Capital Goods	BEL
Bharat Forge Ltd.	Automobile and Auto Components	BHARATFORG
Bharat Heavy Electricals Ltd.	Capital Goods	BHEL
Bharat Petroleum Corporation Ltd.	Oil Gas & Consumable Fuels	BPCL
Bharti Airtel Ltd.	Telecommunication	BHARTIARTL
Bharti Hexacom Ltd.	Telecommunication	BHARTIHEXA
Bikaji Foods International Ltd.	Fast Moving Consumer Goods	BIKAJI
Biocon Ltd.	Healthcare	BIOCON
Birla Corporation Ltd.	Construction Materials	BIRLACORPN
Birlasoft Ltd.	Information Technology	BSOFT
Blue Dart Express Ltd.	Services	BLUEDART
Blue Jet Healthcare Ltd.	Healthcare	BLUEJET
Blue Star Ltd.	Consumer Durables	BLUESTARCO
Bombay Burmah Trading Corporation Ltd.	Fast Moving Consumer Goods	BBTC
Bombay Dyeing & Manufacturing Co. Ltd.	Textiles	BOMDYEING
Borosil Ltd.	Consumer Durables	BOROLTD
Borosil Renewables Ltd.	Capital Goods	BORORENEW
Bosch Ltd.	Automobile and Auto Components	BOSCHLTD
Brainbees Solutions Ltd.	Consumer Services	FIRSTCRY
Brigade Enterprises Ltd.	Realty	BRIGADE
Britannia Industries Ltd.	Fast Moving Consumer Goods	BRITANNIA
C.E. Info Systems Ltd.	Information Technology	MAPMYINDIA
CCL Products (I) Ltd.	Fast Moving Consumer Goods	CCL
CESC Ltd.	Power	CESC
CG Power and Industrial Solutions Ltd.	Capital Goods	CGPOWER
CIE Automotive India Ltd.	Automobile and Auto Components	CIEINDIA
CMS Info Systems Ltd.	Services	CMSINFO
CRISIL Ltd.	Financial Services	CRISIL
CSB Bank Ltd.	Financial Services	CSBBANK
Campus Activewear Ltd.	Consumer Durables	CAMPUS
Can Fin Homes Ltd.	Financial Services	CANFINHOME
Canara Bank	Financial Services	CANBK
Caplin Point Laboratories Ltd.	Healthcare	CAPLIPOINT
Capri Global Capital Ltd.	Financial Services	CGCL
Carborundum Universal Ltd.	Capital Goods	CARBORUNIV
Cartrade Tech Ltd.	Consumer Services	CARTRADE
Castrol India Ltd.	Oil Gas & Consumable Fuels	CASTROLIND
Ceat Ltd.	Automobile and Auto Components	CEATLTD
Ceigall India Ltd.	Construction	CEIGALL
Cello World Ltd.	Consumer Durables	CELLO
Central Bank of India	Financial Services	CENTRALBK
Central Depository Services (India) Ltd.	Financial Services	CDSL
Century Plyboards (India) Ltd.	Consumer Durables	CENTURYPLY
Cera Sanitaryware Ltd	Consumer Durables	CERA
Chalet Hotels Ltd.	Consumer Services	CHALET
Chambal Fertilizers & Chemicals Ltd.	Chemicals	CHAMBLFERT
Chemplast Sanmar Ltd.	Chemicals	CHEMPLASTS
Chennai Petroleum Corporation Ltd.	Oil Gas & Consumable Fuels	CHENNPETRO
Choice International Ltd.	Financial Services	CHOICEIN
Cholamandalam Financial Holdings Ltd.	Financial Services	CHOLAHLDNG
Cholamandalam Investment and Finance Company Ltd.	Financial Services	CHOLAFIN
Cigniti Technologies Ltd.	Information Technology	CIGNITITEC
Cipla Ltd.	Healthcare	CIPLA
City Union Bank Ltd.	Financial Services	CUB
Clean Science and Technology Ltd.	Chemicals	CLEAN
Coal India Ltd.	Oil Gas & Consumable Fuels	COALINDIA
Cochin Shipyard Ltd.	Capital Goods	COCHINSHIP
Coforge Ltd.	Information Technology	COFORGE
Cohance Lifesciences Ltd.	Healthcare	COHANCE
Colgate Palmolive (India) Ltd.	Fast Moving Consumer Goods	COLPAL
Computer Age Management Services Ltd.	Financial Services	CAMS
Concord Biotech Ltd.	Healthcare	CONCORDBIO
Container Corporation of India Ltd.	Services	CONCOR
Coromandel International Ltd.	Chemicals	COROMANDEL
Craftsman Automation Ltd.	Automobile and Auto Components	CRAFTSMAN
CreditAccess Grameen Ltd.	Financial Services	CREDITACC
Crompton Greaves Consumer Electricals Ltd.	Consumer Durables	CROMPTON
Cummins India Ltd.	Capital Goods	CUMMINSIND
Cyient DLM Ltd.	Capital Goods	CYIENTDLM
Cyient Ltd.	Information Technology	CYIENT
DCB Bank Ltd.	Financial Services	DCBBANK
DCM Shriram Ltd.	Diversified	DCMSHRIRAM
DCX Systems Ltd.	Capital Goods	DCXINDIA
DLF Ltd.	Realty	DLF
DOMS Industries Ltd.	Fast Moving Consumer Goods	DOMS
Dabur India Ltd.	Fast Moving Consumer Goods	DABUR
Dalmia Bharat Ltd.	Construction Materials	DALBHARAT
Data Patterns (India) Ltd.	Capital Goods	DATAPATTNS
Datamatics Global Services Ltd.	Information Technology	DATAMATICS
Deepak Fertilisers & Petrochemicals Corp. Ltd.	Chemicals	DEEPAKFERT
Deepak Nitrite Ltd.	Chemicals	DEEPAKNTR
Delhivery Ltd.	Services	DELHIVERY
Devyani International Ltd.	Consumer Services	DEVYANI
Dhani Services Ltd.	Financial Services	DHANI
Dilip Buildcon Ltd.	Construction	DBL
Dishman Carbogen Amcis Ltd.	Healthcare	DCAL
Divi's Laboratories Ltd.	Healthcare	DIVISLAB
Dixon Technologies (India) Ltd.	Consumer Durables	DIXON
Dodla Dairy Ltd.	Fast Moving Consumer Goods	DODLA
Dr. Lal Path Labs Ltd.	Healthcare	LALPATHLAB
Dr. Reddy's Laboratories Ltd.	Healthcare	DRREDDY
Dummy Aditya Birla Fashion and Retail Ltd.	Consumer Services	DUMMYABFRL
Dummy Siemens Ltd.	Capital Goods	DUMMYSIEMS
Dummy Sterlite Technologies Ltd.	Telecommunication	DUMMYSTLTE
Dummy2 Raymond Ltd.	Realty	DUMMYRAYMN
Dynamatic Technologies Ltd.	Capital Goods	DYNAMATECH
E.I.D. Parry (India) Ltd.	Fast Moving Consumer Goods	EIDPARRY
EIH Ltd.	Consumer Services	EIHOTEL
EPL Ltd.	Capital Goods	EPL
Easy Trip Planners Ltd.	Consumer Services	EASEMYTRIP
Edelweiss Financial Services Ltd.	Financial Services	EDELWEISS
Eicher Motors Ltd.	Automobile and Auto Components	EICHERMOT
Elecon Engineering Co. Ltd.	Capital Goods	ELECON
Electronics Mart India Ltd.	Consumer Services	EMIL
Electrosteel Castings Ltd.	Capital Goods	ELECTCAST
Elgi Equipments Ltd.	Capital Goods	ELGIEQUIP
Emami Ltd.	Fast Moving Consumer Goods	EMAMILTD
Embassy Developments Ltd.	Realty	EMBDL
Emcure Pharmaceuticals Ltd.	Healthcare	EMCURE
Endurance Technologies Ltd.	Automobile and Auto Components	ENDURANCE
Engineers India Ltd.	Construction	ENGINERSIN
Entero Healthcare Solutions Ltd.	Consumer Services	ENTERO
Enviro Infra Engineers Ltd.	Utilities	EIEL
Epigral Ltd.	Chemicals	EPIGRAL
Equitas Small Finance Bank Ltd.	Financial Services	EQUITASBNK
Eris Lifesciences Ltd.	Healthcare	ERIS
Escorts Kubota Ltd.	Capital Goods	ESCORTS
Eternal Ltd.	Consumer Services	ETERNAL
Ethos Ltd.	Consumer Durables	ETHOSLTD
Eureka Forbes Ltd.	Consumer Durables	EUREKAFORB
Exide Industries Ltd.	Automobile and Auto Components	EXIDEIND
FDC Ltd.	Healthcare	FDC
FSN E-Commerce Ventures Ltd.	Consumer Services	NYKAA
Federal Bank Ltd.	Financial Services	FEDERALBNK
Fertilisers and Chemicals Travancore Ltd.	Chemicals	FACT
Fiem Industries Ltd	Automobile and Auto Components	FIEMIND
Fine Organic Industries Ltd.	Chemicals	FINEORG
Fineotex Chemical Ltd.	Chemicals	FCL
Finolex Cables Ltd.	Capital Goods	FINCABLES
Finolex Industries Ltd.	Capital Goods	FINPIPE
Firstsource Solutions Ltd.	Services	FSL
Five-Star Business Finance Ltd.	Financial Services	FIVESTAR
Force Motors Ltd.	Automobile and Auto Components	FORCEMOT
Fortis Healthcare Ltd.	Healthcare	FORTIS
G R Infraprojects Ltd.	Construction	GRINFRA
GAIL (India) Ltd.	Oil Gas & Consumable Fuels	GAIL
GE Vernova T&D India Ltd.	Capital Goods	GVT&D
GHCL Ltd.	Chemicals	GHCL
GMM Pfaudler Ltd.	Capital Goods	GMMPFAUDLR
GMR Airports Ltd.	Services	GMRAIRPORT
GMR Power and Urban Infra Ltd.	Power	GMRP&UI
Gabriel India Ltd.	Automobile and Auto Components	GABRIEL
Ganesh Housing Corporation Ltd.	Realty	GANESHHOUC
Ganesha Ecosphere Ltd.	Textiles	GANECOS
Garden Reach Shipbuilders & Engineers Ltd.	Capital Goods	GRSE
Garware Hi-Tech Films Ltd.	Capital Goods	GRWRHITECH
Garware Technical Fibres Ltd.	Textiles	GARFIBRES
Gateway Distriparks Ltd.	Services	GATEWAY
General Insurance Corporation of India	Financial Services	GICRE
Gillette India Ltd.	Fast Moving Consumer Goods	GILLETTE
Gland Pharma Ltd.	Healthcare	GLAND
Glaxosmithkline Pharmaceuticals Ltd.	Healthcare	GLAXO
Glenmark Pharmaceuticals Ltd.	Healthcare	GLENMARK
Global Health Ltd.	Healthcare	MEDANTA
Go Digit General Insurance Ltd.	Financial Services	GODIGIT
Godawari Power & Ispat Ltd.	Capital Goods	GPIL
Godfrey Phillips India Ltd.	Fast Moving Consumer Goods	GODFRYPHLP
Godrej Agrovet Ltd.	Fast Moving Consumer Goods	GODREJAGRO
Godrej Consumer Products Ltd.	Fast Moving Consumer Goods	GODREJCP
Godrej Industries Ltd.	Diversified	GODREJIND
Godrej Properties Ltd.	Realty	GODREJPROP
Gokaldas Exports Ltd.	Textiles	GOKEX
Gopal Snacks Ltd.	Fast Moving Consumer Goods	GOPAL
Granules India Ltd.	Healthcare	GRANULES
Graphite India Ltd.	Capital Goods	GRAPHITE
Grasim Industries Ltd.	Construction Materials	GRASIM
Gravita India Ltd.	Metals & Mining	GRAVITA
Great Eastern Shipping Co. Ltd.	Services	GESHIP
Greaves Cotton Ltd.	Capital Goods	GREAVESCOT
Greenpanel Industries Ltd.	Consumer Durables	GREENPANEL
Greenply Industries Ltd.	Consumer Durables	GREENPLY
Gujarat Ambuja Exports Ltd.	Fast Moving Consumer Goods	GAEL
Gujarat Fluorochemicals Ltd.	Chemicals	FLUOROCHEM
Gujarat Gas Ltd.	Oil Gas & Consumable Fuels	GUJGASLTD
Gujarat Mineral Development Corporation Ltd.	Metals & Mining	GMDCLTD
Gujarat Narmada Valley Fertilizers and Chemicals Ltd.	Chemicals	GNFC
Gujarat Pipavav Port Ltd.	Services	GPPL
Gujarat State Fertilizers & Chemicals Ltd.	Chemicals	GSFC
Gujarat State Petronet Ltd.	Oil Gas & Consumable Fuels	GSPL
Gulf Oil Lubricants India Ltd.	Oil Gas & Consumable Fuels	GULFOILLUB
H.E.G. Ltd.	Capital Goods	HEG
H.G. Infra Engineering Ltd.	Construction	HGINFRA
HBL Engineering Ltd.	Capital Goods	HBLENGINE
HCL Technologies Ltd.	Information Technology	HCLTECH
HDFC Asset Management Company Ltd.	Financial Services	HDFCAMC
HDFC Bank Ltd.	Financial Services	HDFCBANK
HDFC Life Insurance Company Ltd.	Financial Services	HDFCLIFE
HFCL Ltd.	Telecommunication	HFCL
Happiest Minds Technologies Ltd.	Information Technology	HAPPSTMNDS
Hathway Cable & Datacom Ltd.	Media Entertainment & Publication	HATHWAY
Havells India Ltd.	Consumer Durables	HAVELLS
Healthcare Global Enterprises Ltd.	Healthcare	HCG
HeidelbergCement India Ltd.	Construction Materials	HEIDELBERG
Hemisphere Properties India Ltd.	Services	HEMIPROP
Heritage Foods Ltd.	Fast Moving Consumer Goods	HERITGFOOD
Hero MotoCorp Ltd.	Automobile and Auto Components	HEROMOTOCO
Hikal Ltd.	Healthcare	HIKAL
Himadri Speciality Chemical Ltd.	Chemicals	HSCL
Hindalco Industries Ltd.	Metals & Mining	HINDALCO
Hindustan Aeronautics Ltd.	Capital Goods	HAL
Hindustan Construction Co. Ltd.	Construction	HCC
Hindustan Copper Ltd.	Metals & Mining	HINDCOPPER
Hindustan Petroleum Corporation Ltd.	Oil Gas & Consumable Fuels	HINDPETRO
Hindustan Unilever Ltd.	Fast Moving Consumer Goods	HINDUNILVR
Hindustan Zinc Ltd.	Metals & Mining	HINDZINC
Hitachi Energy India Ltd.	Capital Goods	POWERINDIA
Home First Finance Company India Ltd.	Financial Services	HOMEFIRST
Honasa Consumer Ltd.	Fast Moving Consumer Goods	HONASA
Honeywell Automation India Ltd.	Capital Goods	HONAUT
Housing & Urban Development Corporation Ltd.	Financial Services	HUDCO
Hyundai Motor India Ltd.	Automobile and Auto Components	HYUNDAI
ICICI Bank Ltd.	Financial Services	ICICIBANK
ICICI Lombard General Insurance Company Ltd.	Financial Services	ICICIGI
ICICI Prudential Life Insurance Company Ltd.	Financial Services	ICICIPRULI
IDBI Bank Ltd.	Financial Services	IDBI
IDFC First Bank Ltd.	Financial Services	IDFCFIRSTB
IFB Industries Ltd.	Consumer Durables	IFBIND
IFCI Ltd.	Financial Services	IFCI
IIFL Capital Services Ltd.	Financial Services	IIFLCAPS
IIFL Finance Ltd.	Financial Services	IIFL
INOX India Ltd.	Capital Goods	INOXINDIA
IRB Infrastructure Developers Ltd.	Construction	IRB
IRCON International Ltd.	Construction	IRCON
ITC Ltd.	Fast Moving Consumer Goods	ITC
ITD Cementation India Ltd.	Construction	ITDCEM
ITI Ltd.	Telecommunication	ITI
Imagicaaworld Entertainment Ltd.	Consumer Services	IMAGICAA
Indegene Ltd.	Healthcare	INDGN
India Cements Ltd.	Construction Materials	INDIACEM
India Glycols Ltd.	Fast Moving Consumer Goods	INDIAGLYCO
India Shelter Finance Corporation Ltd.	Financial Services	INDIASHLTR
Indiamart Intermesh Ltd.	Consumer Services	INDIAMART
Indian Bank	Financial Services	INDIANB
Indian Energy Exchange Ltd.	Financial Services	IEX
Indian Hotels Co. Ltd.	Consumer Services	INDHOTEL
Indian Metals & Ferro Alloys Ltd.	Metals & Mining	IMFA
Indian Oil Corporation Ltd.	Oil Gas & Consumable Fuels	IOC
Indian Overseas Bank	Financial Services	IOB
Indian Railway Catering And Tourism Corporation Ltd.	Consumer Services	IRCTC
Indian Railway Finance Corporation Ltd.	Financial Services	IRFC
Indian Renewable Energy Development Agency Ltd.	Financial Services	IREDA
Indigo Paints Ltd.	Consumer Durables	INDIGOPNTS
Indo Count Industries Ltd.	Textiles	ICIL
Indraprastha Gas Ltd.	Oil Gas & Consumable Fuels	IGL
Indus Towers Ltd.	Telecommunication	INDUSTOWER
IndusInd Bank Ltd.	Financial Services	INDUSINDBK
Infibeam Avenues Ltd.	Financial Services	INFIBEAM
Info Edge (India) Ltd.	Consumer Services	NAUKRI
Infosys Ltd.	Information Technology	INFY
Ingersoll Rand (India) Ltd.	Capital Goods	INGERRAND
Innova Captab Ltd.	Healthcare	INNOVACAP
Inox Green Energy Services Ltd.	Power	INOXGREEN
Inox Wind Ltd.	Capital Goods	INOXWIND
Intellect Design Arena Ltd.	Information Technology	INTELLECT
InterGlobe Aviation Ltd.	Services	INDIGO
International Gemmological Institute (India) Ltd.	Services	IGIL
Inventurus Knowledge Solutions Ltd.	Information Technology	IKS
Ion Exchange (India) Ltd.	Utilities	IONEXCHANG
Ipca Laboratories Ltd.	Healthcare	IPCALAB
Isgec Heavy Engineering Ltd.	Construction	ISGEC
J.B. Chemicals & Pharmaceuticals Ltd.	Healthcare	JBCHEPHARM
J.K. Cement Ltd.	Construction Materials	JKCEMENT
J.Kumar Infraprojects Ltd.	Construction	JKIL
JBM Auto Ltd.	Automobile and Auto Components	JBMA
JK Lakshmi Cement Ltd.	Construction Materials	JKLAKSHMI
JK Paper Ltd.	Forest Materials	JKPAPER
JK Tyre & Industries Ltd.	Automobile and Auto Components	JKTYRE
JM Financial Ltd.	Financial Services	JMFINANCIL
JSW Energy Ltd.	Power	JSWENERGY
JSW Holdings Ltd.	Financial Services	JSWHL
JSW Infrastructure Ltd.	Services	JSWINFRA
JSW Steel Ltd.	Metals & Mining	JSWSTEEL
JTL Industries Ltd.	Capital Goods	JTLIND
Jai Balaji Industries Ltd.	Metals & Mining	JAIBALAJI
Jai Corp Ltd.	Capital Goods	JAICORPLTD
Jain Irrigation Systems Ltd.	Capital Goods	JISLJALEQS
Jaiprakash Power Ventures Ltd.	Power	JPPOWER
Jammu & Kashmir Bank Ltd.	Financial Services	J&KBANK
Jamna Auto Industries Ltd.	Automobile and Auto Components	JAMNAAUTO
Jana Small Finance Bank Ltd.	Financial Services	JSFB
Jindal Saw Ltd.	Capital Goods	JINDALSAW
Jindal Stainless Ltd.	Metals & Mining	JSL
Jindal Steel & Power Ltd.	Metals & Mining	JINDALSTEL
Jindal Worldwide Ltd.	Textiles	JINDWORLD
Jio Financial Services Ltd.	Financial Services	JIOFIN
Johnson Controls - Hitachi Air Conditioning India Ltd.	Consumer Durables	JCHAC
Jubilant Foodworks Ltd.	Consumer Services	JUBLFOOD
Jubilant Ingrevia Ltd.	Chemicals	JUBLINGREA
Jubilant Pharmova Ltd.	Healthcare	JUBLPHARMA
Jupiter Wagons Ltd.	Capital Goods	JWL
Justdial Ltd.	Consumer Services	JUSTDIAL
Jyothy Labs Ltd.	Fast Moving Consumer Goods	JYOTHYLAB
Jyoti CNC Automation Ltd.	Capital Goods	JYOTICNC
K.P.R. Mill Ltd.	Textiles	KPRMILL
KEI Industries Ltd.	Capital Goods	KEI
KNR Constructions Ltd.	Construction	KNRCON
KPI Green Energy Ltd.	Power	KPIGREEN
KPIT Technologies Ltd.	Information Technology	KPITTECH
KRBL Ltd.	Fast Moving Consumer Goods	KRBL
KSB Ltd.	Capital Goods	KSB
Kajaria Ceramics Ltd.	Consumer Durables	KAJARIACER
Kalpataru Projects International Ltd.	Construction	KPIL
Kalyan Jewellers India Ltd.	Consumer Durables	KALYANKJIL
Kalyani Steels Ltd.	Capital Goods	KSL
Kansai Nerolac Paints Ltd.	Consumer Durables	KANSAINER
Karnataka Bank Ltd.	Financial Services	KTKBANK
Karur Vysya Bank Ltd.	Financial Services	KARURVYSYA
Kaveri Seed Company Ltd.	Fast Moving Consumer Goods	KSCL
Kaynes Technology India Ltd.	Capital Goods	KAYNES
Kec International Ltd.	Construction	KEC
Kfin Technologies Ltd.	Financial Services	KFINTECH
Kirloskar Brothers Ltd.	Capital Goods	KIRLOSBROS
Kirloskar Oil Eng Ltd.	Capital Goods	KIRLOSENG
Kirloskar Pneumatic Company Ltd.	Capital Goods	KIRLPNU
Kotak Mahindra Bank Ltd.	Financial Services	KOTAKBANK
Krishna Institute of Medical Sciences Ltd.	Healthcare	KIMS
L&T Finance Ltd.	Financial Services	LTF
L&T Technology Services Ltd.	Information Technology	LTTS
LIC Housing Finance Ltd.	Financial Services	LICHSGFIN
LMW Ltd.	Capital Goods	LMW
LT Foods Ltd.	Fast Moving Consumer Goods	LTFOODS
LTIMindtree Ltd.	Information Technology	LTIM
Larsen & Toubro Ltd.	Construction	LT
Latent View Analytics Ltd.	Information Technology	LATENTVIEW
Laurus Labs Ltd.	Healthcare	LAURUSLABS
Laxmi Organic Industries Ltd.	Chemicals	LXCHEM
Le Travenues Technology Ltd.	Consumer Services	IXIGO
Lemon Tree Hotels Ltd.	Consumer Services	LEMONTREE
Life Insurance Corporation of India	Financial Services	LICI
Linde India Ltd.	Chemicals	LINDEINDIA
Lloyds Engineering Works Ltd.	Capital Goods	LLOYDSENGG
Lloyds Enterprises Ltd.	Metals & Mining	LLOYDSENT
Lloyds Metals And Energy Ltd.	Metals & Mining	LLOYDSME
Lupin Ltd.	Healthcare	LUPIN
Lux Industries Ltd.	Textiles	LUXIND
MMTC Ltd.	Services	MMTC
MOIL Ltd.	Metals & Mining	MOIL
MRF Ltd.	Automobile and Auto Components	MRF
MSTC Ltd.	Services	MSTCLTD
MTAR Technologies Ltd.	Capital Goods	MTARTECH
Macrotech Developers Ltd.	Realty	LODHA
Mahanagar Gas Ltd.	Oil Gas & Consumable Fuels	MGL
Maharashtra Scooters Ltd.	Financial Services	MAHSCOOTER
Maharashtra Seamless Ltd.	Capital Goods	MAHSEAMLES
Mahindra & Mahindra Financial Services Ltd.	Financial Services	M&MFIN
Mahindra & Mahindra Ltd.	Automobile and Auto Components	M&M
Mahindra Lifespace Developers Ltd.	Realty	MAHLIFE
Man Infraconstruction Ltd.	Construction	MANINFRA
Manappuram Finance Ltd.	Financial Services	MANAPPURAM
Mangalore Refinery & Petrochemicals Ltd.	Oil Gas & Consumable Fuels	MRPL
Mankind Pharma Ltd.	Healthcare	MANKIND
Marico Ltd.	Fast Moving Consumer Goods	MARICO
Marksans Pharma Ltd.	Healthcare	MARKSANS
Maruti Suzuki India Ltd.	Automobile and Auto Components	MARUTI
Mastek Ltd.	Information Technology	MASTEK
Max Estates Ltd.	Realty	MAXESTATES
Max Financial Services Ltd.	Financial Services	MFSL
Max Healthcare Institute Ltd.	Healthcare	MAXHEALTH
Mazagoan Dock Shipbuilders Ltd.	Capital Goods	MAZDOCK
Medplus Health Services Ltd.	Consumer Services	MEDPLUS
Metropolis Healthcare Ltd.	Healthcare	METROPOLIS
Minda Corporation Ltd.	Automobile and Auto Components	MINDACORP
Mishra Dhatu Nigam Ltd.	Capital Goods	MIDHANI
Motherson Sumi Wiring India Ltd.	Automobile and Auto Components	MSUMI
Motilal Oswal Financial Services Ltd.	Financial Services	MOTILALOFS
MphasiS Ltd.	Information Technology	MPHASIS
Mrs. Bectors Food Specialities Ltd.	Fast Moving Consumer Goods	BECTORFOOD
Multi Commodity Exchange of India Ltd.	Financial Services	MCX
Muthoot Finance Ltd.	Financial Services	MUTHOOTFIN
NATCO Pharma Ltd.	Healthcare	NATCOPHARM
NBCC (India) Ltd.	Construction	NBCC
NCC Ltd.	Construction	NCC
NEOGEN CHEMICALS LTD.	Chemicals	NEOGEN
NESCO Ltd.	Services	NESCO
NHPC Ltd.	Power	NHPC
NLC India Ltd.	Power	NLCINDIA
NMDC Ltd.	Metals & Mining	NMDC
NMDC Steel Ltd.	Metals & Mining	NSLNISP
NOCIL Ltd.	Chemicals	NOCIL
NTPC Green Energy Ltd.	Power	NTPCGREEN
NTPC Ltd.	Power	NTPC
Narayana Hrudayalaya Ltd.	Healthcare	NH
National Aluminium Co. Ltd.	Metals & Mining	NATIONALUM
National Fertilizers Ltd.	Chemicals	NFL
Nava Ltd.	Power	NAVA
Navin Fluorine International Ltd.	Chemicals	NAVINFLUOR
Nazara Technologies Ltd.	Media Entertainment & Publication	NAZARA
Nestle India Ltd.	Fast Moving Consumer Goods	NESTLEIND
Netweb Technologies India Ltd.	Information Technology	NETWEB
Network18 Media & Investments Ltd.	Media Entertainment & Publication	NETWORK18
Neuland Laboratories Ltd.	Healthcare	NEULANDLAB
Newgen Software Technologies Ltd.	Information Technology	NEWGEN
Nippon Life India Asset Management Ltd.	Financial Services	NAM-INDIA
Niva Bupa Health Insurance Company Ltd.	Financial Services	NIVABUPA
Nuvama Wealth Management Ltd.	Financial Services	NUVAMA
Nuvoco Vistas Corporation Ltd.	Construction Materials	NUVOCO
Oberoi Realty Ltd.	Realty	OBEROIRLTY
Oil & Natural Gas Corporation Ltd.	Oil Gas & Consumable Fuels	ONGC
Oil India Ltd.	Oil Gas & Consumable Fuels	OIL
Ola Electric Mobility Ltd.	Automobile and Auto Components	OLAELEC
Olectra Greentech Ltd.	Automobile and Auto Components	OLECTRA
One 97 Communications Ltd.	Financial Services	PAYTM
Optiemus Infracom Ltd.	Telecommunication	OPTIEMUS
Oracle Financial Services Software Ltd.	Information Technology	OFSS
Orchid Pharma Ltd.	Healthcare	ORCHPHARMA
Orient Cement Ltd.	Construction Materials	ORIENTCEM
Orissa Min Dev Co Ltd.	Metals & Mining	ORISSAMINE
P N Gadgil Jewellers Ltd.	Consumer Durables	PNGJL
PB Fintech Ltd.	Financial Services	POLICYBZR
PC Jeweller Ltd.	Consumer Durables	PCJEWELLER
PCBL Chemical Ltd.	Chemicals	PCBL
PG Electroplast Ltd.	Consumer Durables	PGEL
PI Industries Ltd.	Chemicals	PIIND
PNB Housing Finance Ltd.	Financial Services	PNBHOUSING
PNC Infratech Ltd.	Construction	PNCINFRA
PTC India Ltd.	Power	PTC
PTC Industries Ltd.	Capital Goods	PTCIL
PVR INOX Ltd.	Media Entertainment & Publication	PVRINOX
Page Industries Ltd.	Textiles	PAGEIND
Paisalo Digital Ltd.	Financial Services	PAISALO
Paradeep Phosphates Ltd.	Chemicals	PARADEEP
Paras Defence and Space Technologies Ltd.	Capital Goods	PARAS
Patanjali Foods Ltd.	Fast Moving Consumer Goods	PATANJALI
Patel Engineering Ltd.	Construction	PATELENG
Pearl Global Industries Ltd.	Textiles	PGIL
Persistent Systems Ltd.	Information Technology	PERSISTENT
Petronet LNG Ltd.	Oil Gas & Consumable Fuels	PETRONET
Pfizer Ltd.	Healthcare	PFIZER
Phoenix Mills Ltd.	Realty	PHOENIXLTD
Pidilite Industries Ltd.	Chemicals	PIDILITIND
Piramal Enterprises Ltd.	Financial Services	PEL
Piramal Pharma Ltd.	Healthcare	PPLPHARMA
Poly Medicure Ltd.	Healthcare	POLYMED
Polycab India Ltd.	Capital Goods	POLYCAB
Polyplex Corporation Ltd.	Capital Goods	POLYPLEX
Poonawalla Fincorp Ltd.	Financial Services	POONAWALLA
Power Finance Corporation Ltd.	Financial Services	PFC
Power Grid Corporation of India Ltd.	Power	POWERGRID
Power Mech Projects Ltd.	Construction	POWERMECH
Praj Industries Ltd.	Capital Goods	PRAJIND
Premier Energies Ltd.	Capital Goods	PREMIERENE
Prestige Estates Projects Ltd.	Realty	PRESTIGE
Pricol Ltd.	Automobile and Auto Components	PRICOLLTD
Prince Pipes and Fittings Ltd.	Capital Goods	PRINCEPIPE
Prism Johnson Ltd.	Construction Materials	PRSMJOHNSN
Prudent Corporate Advisory Services Ltd.	Financial Services	PRUDENT
Punjab National Bank	Financial Services	PNB
R R Kabel Ltd.	Capital Goods	RRKABEL
RBL Bank Ltd.	Financial Services	RBLBANK
REC Ltd.	Financial Services	RECLTD
RHI MAGNESITA INDIA LTD.	Capital Goods	RHIM
RITES Ltd.	Construction	RITES
Radico Khaitan Ltd	Fast Moving Consumer Goods	RADICO
Rail Vikas Nigam Ltd.	Construction	RVNL
Railtel Corporation Of India Ltd.	Telecommunication	RAILTEL
Rain Industries Ltd	Chemicals	RAIN
Rainbow Childrens Medicare Ltd.	Healthcare	RAINBOW
Rajesh Exports Ltd.	Consumer Durables	RAJESHEXPO
Rallis India Ltd.	Chemicals	RALLIS
Ramkrishna Forgings Ltd.	Automobile and Auto Components	RKFORGE
Rashtriya Chemicals & Fertilizers Ltd.	Chemicals	RCF
Rategain Travel Technologies Ltd.	Information Technology	RATEGAIN
RattanIndia Enterprises Ltd.	Consumer Services	RTNINDIA
RattanIndia Power Ltd.	Power	RTNPOWER
Raymond Lifestyle Ltd.	Textiles	RAYMONDLSL
Raymond Ltd.	Realty	RAYMOND
Redington Ltd.	Services	REDINGTON
Redtape Ltd.	Consumer Durables	REDTAPE
Refex Industries Ltd.	Chemicals	REFEX
Reliance Industries Ltd.	Oil Gas & Consumable Fuels	RELIANCE
Reliance Infrastructure Ltd.	Power	RELINFRA
Reliance Power Ltd.	Power	RPOWER
Religare Enterprises Ltd.	Financial Services	RELIGARE
Responsive Industries Ltd.	Consumer Durables	RESPONIND
Restaurant Brands Asia Ltd.	Consumer Services	RBA
Rossari Biotech Ltd.	Chemicals	ROSSARI
Route Mobile Ltd.	Telecommunication	ROUTE
SBFC Finance Ltd.	Financial Services	SBFC
SBI Cards and Payment Services Ltd.	Financial Services	SBICARD
SBI Life Insurance Company Ltd.	Financial Services	SBILIFE
SJVN Ltd.	Power	SJVN
SKF India Ltd.	Capital Goods	SKFINDIA
SRF Ltd.	Chemicals	SRF
Safari Industries (India) Ltd.	Consumer Durables	SAFARI
Sagility India Ltd.	Information Technology	SAGILITY
Sai Life Sciences Ltd.	Healthcare	SAILIFE
Samhi Hotels Ltd.	Consumer Services	SAMHI
Sammaan Capital Ltd.	Financial Services	SAMMAANCAP
Samvardhana Motherson International Ltd.	Automobile and Auto Components	MOTHERSON
Sanofi Consumer Healthcare India Ltd.	Healthcare	SANOFICONR
Sanofi India Ltd.	Healthcare	SANOFI
Sansera Engineering Ltd.	Automobile and Auto Components	SANSERA
Sapphire Foods India Ltd.	Consumer Services	SAPPHIRE
Sarda Energy and Minerals Ltd.	Metals & Mining	SARDAEN
Saregama India Ltd	Media Entertainment & Publication	SAREGAMA
Schaeffler India Ltd.	Automobile and Auto Components	SCHAEFFLER
Schneider Electric Infrastructure Ltd.	Capital Goods	SCHNEIDER
Senco Gold Ltd.	Consumer Durables	SENCO
Sequent Scientific Ltd.	Healthcare	SEQUENT
Shaily Engineering Plastics Ltd.	Capital Goods	SHAILY
Shakti Pumps (India) Ltd.	Capital Goods	SHAKTIPUMP
Sharda Cropchem Ltd.	Chemicals	SHARDACROP
Share India Securities Ltd.	Financial Services	SHAREINDIA
Sheela Foam Ltd.	Consumer Durables	SFL
Shilpa Medicare Ltd.	Healthcare	SHILPAMED
Shipping Corporation of India Ltd.	Services	SCI
Shivalik Bimetal Controls Ltd.	Capital Goods	SBCL
Shoppers Stop Ltd.	Consumer Services	SHOPERSTOP
Shree Cement Ltd.	Construction Materials	SHREECEM
Shree Renuka Sugars Ltd.	Fast Moving Consumer Goods	RENUKA
Shriram Finance Ltd.	Financial Services	SHRIRAMFIN
Shriram Pistons & Rings Ltd.	Automobile and Auto Components	SHRIPISTON
Shyam Metalics and Energy Ltd.	Capital Goods	SHYAMMETL
Siemens Ltd.	Capital Goods	SIEMENS
Signatureglobal (India) Ltd.	Realty	SIGNATURE
Skipper Ltd.	Capital Goods	SKIPPER
Sobha Ltd.	Realty	SOBHA
Solar Industries India Ltd.	Chemicals	SOLARINDS
Sona BLW Precision Forgings Ltd.	Automobile and Auto Components	SONACOMS
Sonata Software Ltd.	Information Technology	SONATSOFTW
South Indian Bank Ltd.	Financial Services	SOUTHBANK
Spandana Sphoorty Financial Ltd.	Financial Services	SPANDANA
Star Cement Ltd.	Construction Materials	STARCEMENT
Star Health and Allied Insurance Company Ltd.	Financial Services	STARHEALTH
State Bank of India	Financial Services	SBIN
Steel Authority of India Ltd.	Metals & Mining	SAIL
Sterling and Wilson Renewable Energy Ltd.	Construction	SWSOLAR
Sterlite Technologies Ltd.	Telecommunication	STLTECH
Strides Pharma Science Ltd.	Healthcare	STAR
Stylam Industries Ltd.	Consumer Durables	STYLAMIND
Subros Ltd.	Capital Goods	SUBROS
Sudarshan Chemical Industries Ltd.	Chemicals	SUDARSCHEM
Sula Vineyards Ltd.	Fast Moving Consumer Goods	SULA
Sumitomo Chemical India Ltd.	Chemicals	SUMICHEM
Sun Pharma Advanced Research Company Ltd.	Healthcare	SPARC
Sun Pharmaceutical Industries Ltd.	Healthcare	SUNPHARMA
Sun TV Network Ltd.	Media Entertainment & Publication	SUNTV
Sundaram Finance Ltd.	Financial Services	SUNDARMFIN
Sundram Fasteners Ltd.	Automobile and Auto Components	SUNDRMFAST
Sunflag Iron & Steel Company Ltd.	Capital Goods	SUNFLAG
Sunteck Realty Ltd.	Realty	SUNTECK
Suprajit Engineering Ltd.	Automobile and Auto Components	SUPRAJIT
Supreme Industries Ltd.	Capital Goods	SUPREMEIND
Supriya Lifescience Ltd.	Healthcare	SUPRIYA
Surya Roshni Ltd.	Capital Goods	SURYAROSNI
Suzlon Energy Ltd.	Capital Goods	SUZLON
Swan Energy Ltd.	Chemicals	SWANENERGY
Swiggy Ltd.	Consumer Services	SWIGGY
Symphony Ltd.	Consumer Durables	SYMPHONY
Syngene International Ltd.	Healthcare	SYNGENE
Syrma SGS Technology Ltd.	Capital Goods	SYRMA
TARC Ltd.	Realty	TARC
TBO Tek Ltd.	Consumer Services	TBOTEK
TD Power Systems Ltd.	Capital Goods	TDPOWERSYS
TVS Motor Company Ltd.	Automobile and Auto Components	TVSMOTOR
TVS Supply Chain Solutions Ltd.	Services	TVSSCS
Tanla Platforms Ltd.	Information Technology	TANLA
Tata Chemicals Ltd.	Chemicals	TATACHEM
Tata Communications Ltd.	Telecommunication	TATACOMM
Tata Consultancy Services Ltd.	Information Technology	TCS
Tata Consumer Products Ltd.	Fast Moving Consumer Goods	TATACONSUM
Tata Elxsi Ltd.	Information Technology	TATAELXSI
Tata Investment Corporation Ltd.	Financial Services	TATAINVEST
Tata Motors Ltd.	Automobile and Auto Components	TATAMOTORS
Tata Power Co. Ltd.	Power	TATAPOWER
Tata Steel Ltd.	Metals & Mining	TATASTEEL
Tata Technologies Ltd.	Information Technology	TATATECH
Tata Teleservices (Maharashtra) Ltd.	Telecommunication	TTML
Teamlease Services Ltd.	Services	TEAMLEASE
Tech Mahindra Ltd.	Information Technology	TECHM
Techno Electric & Engineering Company Ltd.	Construction	TECHNOE
Technocraft Industries (India) Ltd.	Capital Goods	TIIL
Tega Industries Ltd.	Capital Goods	TEGA
Tejas Networks Ltd.	Telecommunication	TEJASNET
Texmaco Rail & Eng. Ltd.	Capital Goods	TEXRAIL
Thangamayil Jewellery Ltd.	Consumer Durables	THANGAMAYL
The Anup Engineering Ltd.	Capital Goods	ANUP
The New India Assurance Company Ltd.	Financial Services	NIACL
The Ramco Cements Ltd.	Construction Materials	RAMCOCEM
Thermax Ltd.	Capital Goods	THERMAX
Thirumalai Chemicals Ltd.	Chemicals	TIRUMALCHM
Thomas Cook (India) Ltd.	Consumer Services	THOMASCOOK
Tilaknagar Industries Ltd.	Fast Moving Consumer Goods	TI
Time Technoplast Ltd.	Capital Goods	TIMETECHNO
Timken India Ltd.	Capital Goods	TIMKEN
Tips Music Ltd.	Media Entertainment & Publication	TIPSMUSIC
Titagarh Rail Systems Ltd.	Capital Goods	TITAGARH
Titan Company Ltd.	Consumer Durables	TITAN
Torrent Pharmaceuticals Ltd.	Healthcare	TORNTPHARM
Torrent Power Ltd.	Power	TORNTPOWER
Transformers And Rectifiers (India) Ltd.	Capital Goods	TARIL
Transrail Lighting Ltd.	Capital Goods	TRANSRAILL
Trent Ltd.	Consumer Services	TRENT
Trident Ltd.	Textiles	TRIDENT
Triveni Engineering & Industries Ltd.	Fast Moving Consumer Goods	TRIVENI
Triveni Turbine Ltd.	Capital Goods	TRITURBINE
Tube Investments of India Ltd.	Automobile and Auto Components	TIINDIA
UCO Bank	Financial Services	UCOBANK
UNO Minda Ltd.	Automobile and Auto Components	UNOMINDA
UPL Ltd.	Chemicals	UPL
UTI Asset Management Company Ltd.	Financial Services	UTIAMC
Ujjivan Small Finance Bank Ltd.	Financial Services	UJJIVANSFB
UltraTech Cement Ltd.	Construction Materials	ULTRACEMCO
Unimech Aerospace and Manufacturing Ltd.	Capital Goods	UNIMECH
Union Bank of India	Financial Services	UNIONBANK
United Breweries Ltd.	Fast Moving Consumer Goods	UBL
United Spirits Ltd.	Fast Moving Consumer Goods	UNITDSPR
Usha Martin Ltd.	Capital Goods	USHAMART
V-Guard Industries Ltd.	Consumer Durables	VGUARD
V-Mart Retail Ltd.	Consumer Services	VMART
V.I.P. Industries Ltd.	Consumer Durables	VIPIND
VST Industries Ltd.	Fast Moving Consumer Goods	VSTIND
Va Tech Wabag Ltd.	Utilities	WABAG
Vaibhav Global Ltd.	Consumer Durables	VAIBHAVGBL
Valor Estate Ltd.	Consumer Services	DBREALTY
Vardhman Textiles Ltd.	Textiles	VTL
Varroc Engineering Ltd.	Automobile and Auto Components	VARROC
Varun Beverages Ltd.	Fast Moving Consumer Goods	VBL
Vedant Fashions Ltd.	Consumer Services	MANYAVAR
Vedanta Ltd.	Metals & Mining	VEDL
Ventive Hospitality Ltd.	Consumer Services	VENTIVE
Venus Pipes & Tubes Ltd.	Capital Goods	VENUSPIPES
Vesuvius India Ltd.	Capital Goods	VESUVIUS
Vijaya Diagnostic Centre Ltd.	Healthcare	VIJAYA
Vishal Mega Mart Ltd.	Consumer Services	VMM
Vodafone Idea Ltd.	Telecommunication	IDEA
Voltamp Transformers Ltd	Capital Goods	VOLTAMP
Voltas Ltd.	Consumer Durables	VOLTAS
Waaree Energies Ltd.	Capital Goods	WAAREEENER
Websol Energy System Ltd.	Capital Goods	WEBELSOLAR
Welspun Corp Ltd.	Capital Goods	WELCORP
Welspun Enterprises Ltd.	Construction	WELENT
Welspun Living Ltd.	Textiles	WELSPUNLIV
Westlife Foodworld Ltd.	Consumer Services	WESTLIFE
Whirlpool of India Ltd.	Consumer Durables	WHIRLPOOL
Wipro Ltd.	Information Technology	WIPRO
Wockhardt Ltd.	Healthcare	WOCKPHARMA
Wonderla Holidays Ltd.	Consumer Services	WONDERLA
Yatharth Hospital & Trauma Care Services Ltd.	Healthcare	YATHARTH
Yes Bank Ltd.	Financial Services	YESBANK
ZF Commercial Vehicle Control Systems India Ltd.	Automobile and Auto Components	ZFCVINDIA
Zaggle Prepaid Ocean Services Ltd.	Information Technology	ZAGGLE
Zee Entertainment Enterprises Ltd.	Media Entertainment & Publication	ZEEL
Zen Technologies Ltd.	Capital Goods	ZENTEC
Zensar Technolgies Ltd.	Information Technology	ZENSARTECH
Zinka Logistics Solutions Ltd.	Services	BLACKBUCK
Zydus Lifesciences Ltd.	Healthcare	ZYDUSLIFE
Zydus Wellness Ltd.	Fast Moving Consumer Goods	ZYDUSWELL
eClerx Services Ltd.	Services	ECLERX
eMudhra Ltd.	Information Technology	EMUDHRA
